"","GSM1590969","GSM1590970","GSM1590971","GSM1590972"
"hsa-miR-449b",1.91073266190291,2.06004738366994,2.01792190799726,14.3718446943859
"hsa-miR-923_v12.0",12.6259370995385,12.2793203879426,7.2667865406949,7.59245703726808
"hsa-miR-21",10.9665054519057,10.0914353863236,11.6886874232225,12.1166688559671
"hsa-miR-129-3p",2.11103131238874,2.14730669878029,2.08746284125034,12.4540421974701
"hsa-miR-720",6.74146698640115,8.27146302790437,10.1560830762887,10.6082548219779
"hsa-miR-1246",10.3564519702218,9.83920378809694,5.16188768237689,4.86789646399265
"hsa-miR-1290",9.92481250360578,8.98299357469431,4.90207357931074,4.877744249949
"hsa-let-7a",6.65821148275179,5.94016675048282,7.85174904141606,8.82336724004623
"hsa-let-7f",6.95419631038687,5.43629511983936,8.09803208296053,8.62205181945638
"hsa-miR-1268",8.73470962022584,8.24317398347295,4.16992500144231,4.60880924267552
"hsa-miR-23a",7.15987133677839,6.61765111942733,7.57742882803575,7.89481776330794
"hsa-miR-19b",6.52356195605701,5.88996019965864,7.8073549220576,8.06608919045777
"hsa-miR-27a",6.65821148275179,5.82017896241519,7.89481776330794,7.55458885167764
"hsa-miR-200c",7.71424551766612,2.04264433740849,8.3037807481771,1.90689059560852
"hsa-miR-16",6.76818432477693,5.22110372536788,7.31288295528436,6.8703647195834
"hsa-miR-29b",5.80477637795583,3.93545974780529,7.43462822763672,7.467605550083
"hsa-miR-1915",7.39231742277876,7.82654848729092,2.83592407425437,2.82171021503467
"hsa-miR-20a",6.25361115194717,5.19770815795585,7.25738784269265,7.12928301694497
"hsa-miR-22",6.89481776330794,5.51727569320958,6.83289001416474,6.70043971814109
"hsa-miR-24",6.0639343057541,5.58496250072116,6.8073549220576,6.96578428466209
"hsa-miR-17",6.04875931191986,5.27798474729977,6.97727992349992,6.88264304936184
"hsa-miR-15b",5.87282875953489,3.98185265328974,7.14974711950468,6.84549005094437
"hsa-miR-200b",6.62643913669732,2.96347412397489,7.49984588708321,4.8073549220576
"hsa-miR-29a",5.93073733756289,4.88752527074159,6.5298209465287,7.03342300153745
"hsa-miR-19a",5.1168637576909,4.65535182861255,6.83289001416474,7.02236781302845
"hsa-miR-654-5p",6.6724253419715,7.54689445988764,2.08406426478847,1.89141918684608
"hsa-let-7b",5.79701297783614,4.77082904603249,6.71424551766612,6.74146698640115
"hsa-let-7i",4.05311133645956,5.67525138605026,4.56071495447448,7.66533591718518
"hsa-miR-141",6.4870360800319,2.05658352836637,7.53138146051631,1.89141918684608
"hsa-miR-100",4.20163386116965,5.91408609701272,4.51096191927738,7.4093909361377
"hsa-miR-125b",4.02680005934372,5.62643913669732,4.4262647547021,7.34872815423108
"hsa-let-7g",5.43962313755712,4.78659636189081,6.16591193893569,6.61765111942733
"hsa-miR-1274b_v16.0",3.22650852980868,4.32192809488736,6.51569983828404,6.83289001416474
"hsa-miR-638",6.95419631038687,5.64385618977472,2.26603689399532,2.21412480535285
"hsa-let-7d",5.06177619758669,3.48542682717024,6.14567745519564,5.85049941375812
"hsa-miR-92a",4.74416109557041,4.4594316186373,5.77610398807316,6.00450139223494
"hsa-miR-130a",5.91169158187234,2.04264433740849,6.49024921062709,2.32768736417605
"hsa-miR-103a",5.14567745519564,3.11603199344711,6.09803208296053,5.54225804976692
"hsa-miR-630",4.51727569320958,6.8073549220576,2.07724299893246,2.07724299893246
"hsa-miR-1260",2.29572302453997,2.59215800212536,6.14363830992204,5.88996019965864
"hsa-miR-15a",5.14567745519564,3.0036022366802,5.98185265328974,4.95884267524324
"hsa-miR-151-5p",5.22496636500027,3.53605290024021,5.60288440871842,5.32192809488736
"hsa-miR-107",4.79701297783614,3.19534759832222,5.82781902461732,5.24412594328373
"hsa-miR-146a",2.6915341649192,4.73876783680019,3.26303440583379,6.37155886261196
"hsa-miR-1308_v15.0",3.04264433740849,4.01792190799726,5.44625622988956,5.5909612413426
"hsa-miR-221",4.43295940727611,4.39231742277876,5.18982455888002,5.20945336562895
"hsa-let-7e",4.00898878322726,2.91647664443772,5.46923479366766,5.53294028837287
"hsa-miR-106b",3.92599941855622,4.0703893278914,4.93545974780529,5.45285896471381
"hsa-miR-362-5p",1.90689059560852,2.12763327972587,2.03210084316702,6.53294028837287
"hsa-miR-1202",5.77873424411784,5.34695688937888,2.16992500144231,2.06695024392463
"hsa-miR-193b",5.0746766862945,2.4032677223393,5.69766263347052,3.04264433740849
"hsa-miR-30a",5.19377174339668,2.27500704749987,5.66959375118833,2.44095219802964
"hsa-miR-27b",4.25550073314839,3.08065766334523,5.36457243229586,4.64961545906341
"hsa-miR-31*",4.10433665981474,3.26753579806873,5.26303440583379,4.75488750216347
"hsa-miR-320c",4.4262647547021,4.50462039240355,4.67807190511264,4.20163386116965
"hsa-miR-23b",4.24792751344359,2.98550043030489,5.23266075679027,4.54225804976692
"hsa-miR-320d",4.54843662469604,4.16188768237689,4.59693514238723,4.41278152533848
"hsa-miR-331-3p",4.15380533607904,3.35614381022528,4.66106547980695,5.01792190799726
"hsa-miR-25",3.92599941855622,4.16992500144231,4.13750352374993,4.97269265400426
"hsa-miR-30b",4.43962313755712,2.83794324189103,5.21334728173344,3.99095486039699
"hsa-miR-301a",4.59693514238723,3.52356195605701,4.64961545906341,4.33628338786443
"hsa-miR-1225-5p",5.41278152533848,4.78659636189081,2.20789285164133,2.16349873228288
"hsa-miR-96",2.80529245560071,3.09085343045111,3.86789646399265,5.57288966842058
"hsa-miR-1207-5p",5.20554891117303,4.82273014794452,2.55826763405574,2.38681094647222
"hsa-miR-20b",3.56071495447448,3.00898878322725,4.78659636189081,4.81249822533356
"hsa-let-7c",3.49825086752783,3.04264433740849,4.5909612413426,4.97727992349992
"hsa-miR-93",3.58496250072116,3.64385618977472,4.20163386116965,4.79701297783614
"hsa-miR-1274a_v16.0",2.23878685958712,2.68481873755322,4.75488750216347,4.99095486039699
"hsa-miR-424",3.75488750216347,2.4931349223055,4.87282875953489,4.36457243229586
"hsa-miR-18a",3.24031432933371,2.59215800212536,4.53605290024021,4.5909612413426
"hsa-miR-365",3.68929916053589,2.64154602908752,4.97269265400426,3.60880924267552
"hsa-miR-30c",4.10433665981474,2.58014548442338,4.72246602447109,2.87381319835909
"hsa-miR-200a",4.14567745519564,2.17951105027151,4.84297883178833,2.43562859405209
"hsa-miR-155",4.4594316186373,2.03913839390696,4.7279204545632,1.89141918684608
"hsa-miR-939",4.6724253419715,4.39917109381982,2.05311133645956,1.92219784839637
"hsa-miR-1275",4.61470984411521,3.74416109557041,3.2585189247113,2.77399632511117
"hsa-miR-130b",3.54843662469604,2.98732086592925,3.98185265328974,4.20163386116965
"hsa-miR-31",3.26603689399532,2.30158764660319,4.26303440583379,4.11270013274936
"hsa-miR-30d",4.23266075679027,2.6667565918848,4.24031432933371,2.73768676140986
"hsa-miR-125a-5p",2.77188557851537,2.53106949272595,4.02680005934372,4.39917109381982
"hsa-miR-210",3.62058641045188,2.53356334821451,4.35049724708413,3.33485426933163
"hsa-miR-98",3.12763327972587,2.28688114778816,4.23266075679027,3.98185265328974
"hsa-miR-183",2.68706068833989,3.6667565918848,3.21878116778407,4.29278174922785
"hsa-miR-671-5p",3.90689059560852,4.55458885167764,2.01792190799726,1.89141918684608
"hsa-miR-320b",3.45549162062847,3.07382023329167,3.74416109557041,3.72246602447109
"hsa-miR-26b",3.20789285164133,2.53605290024021,3.78659636189081,4.00898878322726
"hsa-miR-17*",2.34198574722862,2.0703893278914,3.67807190511264,4.4262647547021
"hsa-miR-197",2.95977015521147,2.88362081628567,3.877744249949,3.62058641045188
"hsa-miR-18b",2.72900887033786,2.27798474729977,3.84799690655495,3.97269265400426
"hsa-miR-196b",3.4276061727819,2.15055967657538,4.09592441999854,3.13422093976063
"hsa-miR-625",2.44095219802964,2.96347412397489,2.38128337250378,4.4594316186373
"hsa-miR-193a-3p",2.04614178164472,2.50080205305716,2.59693514238723,4.60288440871842
"hsa-miR-296-5p",2.02147972741045,2.17951105027151,2.16992500144231,4.73876783680019
"hsa-miR-34a",3.84799690655495,2.46988597627446,2.3533232911629,3.76553474636298
"hsa-miR-29c",2.58014548442338,2.38128337250378,3.57288966842058,3.85798099512757
"hsa-miR-181a",3.83794324189103,2.11103131238874,3.73335434061383,2.43829285157915
"hsa-miR-574-3p",2.17632277264046,2.23266075679027,3.78659636189081,3.8073549220576
"hsa-miR-151-3p",3.10768786931437,2.52606881166759,3.4369613378336,3.4276061727819
"hsa-miR-205",3.83794324189103,2.03913839390696,3.75488750216347,1.89141918684608
"hsa-miR-572",4.31469652565629,2.93357263826102,2.03562390973072,1.92219784839637
"hsa-miR-30a*",3.37851162325373,2.04614178164472,4.08746284125034,1.91456452349394
"hsa-miR-483-5p",3.77610398807316,3.73335434061383,2.02147972741045,1.96716860753263
"hsa-miR-425",3.09085343045111,2.8972404255748,3.02502879449152,3.41278152533848
"hsa-miR-361-5p",2.55090066464752,3.02856915219677,3.10265813136374,3.59693514238723
"hsa-miR-324-5p",2.96532254836725,2.33913738491959,3.73335434061383,3.05831649559082
"hsa-miR-7",3.51096191927738,2.07724299893246,3.76553474636298,2.26903314645524
"hsa-miR-342-3p",2.70043971814109,3.29425313644451,2.58255600301406,3.54843662469604
"hsa-miR-188-5p",3.53605290024021,3.76553474636298,2.03210084316702,1.92219784839637
"hsa-miR-494",2.85996954822103,3.96347412397489,2.24792751344359,2.27500704749987
"hsa-miR-429",2.93168305705981,2.05658352836637,4.02680005934372,2.07724299893246
"hsa-miR-886-3p_v15.0",2.33913738491959,2.26603689399532,4.17791779219584,1.89917563048051
"hsa-miR-760",2.50080205305716,3.98185265328974,2.01792190799726,1.89141918684608
"hsa-miR-125b-2*",1.92219784839637,4.11270013274936,2.01792190799726,1.89141918684608
"hsa-miR-590-5p",2.15380533607904,2.24792751344359,3.01970191444255,3.52356195605701
"hsa-miR-93*",1.90689059560852,2.03913839390696,2.01792190799726,4.07895134139482
"hsa-miR-324-3p",3.00898878322725,2.66220549965362,2.95791459863299,2.6959938131099
"hsa-miR-9*",1.96347412397489,3.11103131238874,2.02502879449152,3.56071495447448
"hsa-miR-26a",2.55336050333533,2.05311133645956,3.15704371014558,3.22804904788446
"hsa-miR-574-5p",2.85798099512757,2.55826763405574,3.1407786557828,2.61588707391606
"hsa-miR-455-3p",2.31614574229336,2.11769504266975,3.54843662469604,2.66220549965362
"hsa-miR-493*",1.90689059560852,3.98185265328974,2.01792190799726,1.89141918684608
"hsa-miR-10b*",1.90689059560852,2.08746284125034,2.03562390973072,3.90689059560852
"hsa-miR-1261",1.90689059560852,2.03913839390696,3.93545974780529,1.89141918684608
"hsa-miR-101",2.1407786557828,2.20789285164133,3.27798474729977,2.94110631094643
"hsa-miR-765",3.27500704749987,3.16027483140859,2.01792190799726,1.90303827011291
"hsa-miR-30e",2.65992455840238,2.24184018356467,3.07724299893246,2.7158933705476
"hsa-miR-224",2.80322703643493,2.03913839390696,3.48542682717024,1.89141918684608
"hsa-miR-1225-3p",2.03562390973072,2.14730669878029,3.70043971814109,2.07724299893246
"hsa-miR-28-5p",2.70929063572336,2.1407786557828,2.98002530023873,2.61353165291793
"hsa-miR-1299",3.04264433740849,3.13093086982645,2.05311133645956,1.89141918684608
"hsa-miR-885-5p",1.90689059560852,2.03913839390696,2.04614178164472,3.60880924267552
"hsa-miR-374a",1.99276843076892,2.114367024952,2.67129337248158,3.22187708107703
"hsa-miR-185",2.48284828306847,2.08406426478847,3.01613970265525,2.60407132366886
"hsa-miR-99b",2.28688114778816,2.14730669878029,2.75488750216347,2.90496571868403
"hsa-miR-135b",2.17951105027151,2.05658352836637,3.25398926623079,2.3305584000308
"hsa-miR-149",2.52105073690096,2.13093086982645,3.11103131238874,2.114367024952
"hsa-miR-99a",1.91073266190291,2.30158764660319,2.02502879449152,3.34908214639109
"hsa-miR-584",2.52606881166759,2.51349074558812,2.57046293102604,2.46205231879643
"hsa-miR-9",1.90689059560852,2.09423606984577,2.02147972741045,3.40463068421761
"hsa-miR-320a",2.52857131887076,2.77399632511117,2.36737106564853,2.27798474729977
"hsa-miR-598",1.90689059560852,3.4594316186373,2.01792190799726,1.89141918684608
"hsa-miR-124*",1.90689059560852,2.03913839390696,3.42223300068305,1.89141918684608
"hsa-miR-181b",2.63226821549951,2.17632277264046,2.77610398807316,2.22032995487956
"hsa-miR-21*",1.91073266190291,2.07724299893246,2.62760683812965,2.99819550315325
"hsa-miR-302c",1.90689059560852,3.40190347160796,2.01792190799726,1.89141918684608
"hsa-miR-1280",2.09761079662642,2.64846544302731,2.6667565918848,2.35895882583233
"hsa-miR-769-5p",1.92219784839637,2.04264433740849,2.16349873228288,3.25550073314839
"hsa-miR-301b",2.57046293102604,2.29278174922785,2.50080205305716,2.43295940727611
"hsa-miR-1234",2.25096157353322,2.78031009904338,2.47248777146274,2.23572705983806
"hsa-miR-378",2.09423606984577,2.58736499093646,2.26002565596146,2.74846123300404
"hsa-miR-140-5p",2.16671544496642,2.13093086982645,2.64154602908752,2.68706068833989
"hsa-miR-551b",1.91456452349394,2.46205231879643,2.01792190799726,3.03738222200308
"hsa-miR-451",2.59931779369823,2.93357263826102,2.01792190799726,1.91456452349394
"hsa-miR-518a-5p",1.90689059560852,3.32048467801769,2.01792190799726,1.89141918684608
"hsa-miR-30e*",2.41413553298445,2.05311133645956,2.9297909977186,2.13422093976063
"hsa-miR-124",1.90689059560852,2.18903382439002,3.24031432933371,1.89141918684608
"hsa-miR-660",2.22958792274065,2.09423606984577,2.44890095114513,2.81147103052984
"hsa-miR-940",2.35614381022528,2.52356195605701,2.47767732756531,2.31903981556254
"hsa-miR-298",1.90689059560852,2.03913839390696,3.28095631383106,1.89141918684608
"hsa-miR-513a-5p",2.43028527297778,3.01792190799726,2.01792190799726,1.89141918684608
"hsa-miR-454",2.5033487351675,2.08746284125034,2.63923216324928,2.28095631383106
"hsa-miR-148b",1.98185265328974,2.17632277264046,2.40871186102943,2.84799690655495
"hsa-miR-610",1.98185265328974,3.1586601753465,2.03562390973072,1.89141918684608
"hsa-miR-599",1.90689059560852,3.19849415363908,2.01792190799726,1.89141918684608
"hsa-miR-10b",1.90689059560852,2.26603689399532,2.02147972741045,2.95419631038688
"hsa-miR-150*",2.16671544496642,3.00180224263399,2.01792190799726,1.89141918684608
"hsa-miR-19b-2*",1.90689059560852,2.03913839390696,3.09254574154357,1.89141918684608
"hsa-miR-1253",1.90689059560852,2.03913839390696,2.01792190799726,3.02147972741045
"hsa-miR-186",2.19534759832222,2.15704371014558,2.4032677223393,2.48026512205446
"hsa-miR-126",2.20163386116965,2.22958792274065,2.7158933705476,2.01435529297707
"hsa-miR-20a*",2.07382023329167,2.0496307677246,2.46988597627446,2.57531233068744
"hsa-miR-19b-1*",1.98185265328974,2.31614574229336,2.48284828306847,2.39231742277876
"hsa-miR-152",1.91456452349394,3.02856915219677,2.02502879449152,1.89141918684608
"hsa-miR-371-5p",2.74846123300404,2.36737106564853,2.01792190799726,1.89141918684608
"hsa-miR-548d-5p",1.90689059560852,3.01613970265525,2.01792190799726,1.89141918684608
"hsa-miR-1228",2.30742852519225,2.31903981556254,2.42223300068305,2.10097764772482
"hsa-miR-1224-5p",2.29865831556452,2.77610398807316,2.01792190799726,1.89141918684608
"hsa-miR-33a",1.98185265328974,2.10097764772482,2.49569516262407,2.48542682717024
"hsa-miR-650",1.90689059560852,2.98732086592925,2.01792190799726,1.89141918684608
"hsa-miR-128",2.04614178164472,2.15055967657538,2.4032677223393,2.46727948045998
"hsa-miR-145*",1.90689059560852,2.26903314645524,2.82781902461732,1.89141918684608
"hsa-miR-766",2.14730669878029,2.31903981556254,2.30158764660319,2.28095631383106
"hsa-miR-222",2.13093086982645,2.4032677223393,2.16671544496642,2.33342373372519
"hsa-let-7d*",2.12763327972587,2.39231742277876,2.26603689399532,2.24184018356467
"hsa-miR-202",1.94485844580754,2.90496571868403,2.01792190799726,1.89141918684608
"hsa-miR-221*",2.0496307677246,2.05658352836637,2.44360665147561,2.41953889151378
"hsa-miR-374b",2.0036022366802,2.13422093976063,2.15380533607904,2.63459326844576
"hsa-miR-181d",1.98913900736823,2.03913839390696,2.55581615506164,2.34482849699744
"hsa-miR-148a",2.19849415363908,2.03913839390696,2.72246602447109,1.89141918684608
"hsa-miR-370",2.4541758931858,2.51601514700366,2.01792190799726,1.89141918684608
"hsa-miR-339-5p",1.90689059560852,2.87381319835909,2.02147972741045,1.89141918684608
"hsa-miR-1302",1.90689059560852,2.03913839390696,2.01792190799726,2.76765479823735
"hsa-miR-125a-3p",2.22342254993494,2.63226821549951,2.01792190799726,1.91456452349394
"hsa-miR-29b-1*",2.02856915219677,2.18269229751619,2.17312743348066,2.46727948045998
"hsa-miR-148a*",1.90689059560852,2.03913839390696,2.01792190799726,2.74846123300404
"hsa-miR-505",1.96347412397489,2.36176835941915,2.11769504266975,2.39231742277876
"hsa-miR-613",1.90689059560852,2.03913839390696,2.01792190799726,2.73768676140986
"hsa-miR-596",1.94110631094643,2.79285535236249,2.02856915219677,1.89917563048051
"hsa-miR-548a-3p",2.7158933705476,2.04614178164472,2.01792190799726,1.89141918684608
"hsa-miR-1300_v13.0",2.04264433740849,2.16992500144231,2.60644222813161,1.89141918684608
"hsa-miR-575",2.57773093149008,2.13093086982645,2.02147972741045,1.92599941855622
"hsa-miR-1249",2.1243281350022,2.41413553298445,2.12101540096137,2.03210084316702
"hsa-let-7e*",1.90689059560852,2.71369581484336,2.02147972741045,1.89141918684608
"hsa-miR-936",1.99276843076892,2.66448284036468,2.01792190799726,1.89141918684608
"hsa-miR-16-2*",1.9560566524124,2.21723071622067,2.35895882583233,2.13093086982645
"hsa-miR-663",2.28095631383106,2.33913738491959,2.11103131238874,1.89530262133331
"hsa-miR-1470",1.9297909977186,2.06004738366994,2.03562390973072,2.55090066464752
"hsa-miR-1243",1.90689059560852,2.03913839390696,2.6667565918848,1.89141918684608
"hsa-miR-1281",2.01792190799726,2.44890095114513,2.12763327972587,1.9560566524124
"hsa-miR-582-5p",1.92219784839637,2.07724299893246,2.38681094647222,2.17312743348066
"hsa-miR-7-1*",1.90689059560852,2.62058641045188,2.01792190799726,1.92219784839637
"hsa-miR-1183",2.43028527297778,2.18269229751619,2.01792190799726,1.89141918684608
"hsa-miR-634",1.97819562968165,2.41683974191283,2.21101219348551,1.91073266190291
"hsa-miR-32",1.93357263826102,2.21412480535285,2.21412480535285,2.18269229751619
"hsa-miR-134",2.28688114778816,2.28688114778816,2.04264433740849,1.89141918684608
"hsa-miR-191*",1.94860084749336,2.14404636961671,2.16349873228288,2.26603689399532
"hsa-miR-618",1.90689059560852,2.04614178164472,2.01792190799726,2.49569516262407
"hsa-miR-532-5p",1.99638874644762,2.30158764660319,2.06350294230616,2.16027483140859
"hsa-miR-372",1.91073266190291,2.03913839390696,2.01792190799726,2.48284828306847
"hsa-miR-1276",1.90689059560852,2.10768786931437,2.52105073690096,1.89141918684608
"hsa-miR-1238",2.01792190799726,2.26903314645524,2.18586654531133,2.02147972741045
"hsa-miR-517b",2.48542682717024,2.03913839390696,2.01792190799726,1.89141918684608
"hsa-miR-129*",2.12763327972587,2.12763327972587,2.24488705912353,1.99276843076892
"hsa-miR-24-1*",1.98913900736823,2.19534759832222,2.30742852519225,1.97085365434048
"hsa-miR-502-5p",1.91456452349394,2.03913839390696,2.0703893278914,2.40599235967584
"hsa-miR-652",1.98185265328974,2.29865831556452,2.09423606984577,2.07382023329167
"hsa-miR-1208",1.90689059560852,2.04264433740849,2.01792190799726,2.43562859405209
"hsa-miR-181a-2*",1.97452931248388,2.03913839390696,2.45680614923047,1.92219784839637
"hsa-miR-33b*",1.98550043030488,2.38404980679516,2.04264433740849,2.0036022366802
"hsa-miR-548b-5p",1.90689059560852,2.03913839390696,2.01792190799726,2.43028527297778
"hsa-miR-218",1.91073266190291,2.06695024392463,2.07724299893246,2.35614381022528
"hsa-miR-421",1.93734439215023,2.17632277264046,2.114367024952,2.20163386116965
"hsa-miR-139-3p",1.90689059560852,2.52356195605701,2.01792190799726,1.89141918684608
"hsa-miR-628-3p",1.90689059560852,2.03913839390696,2.49825086752783,1.89141918684608
"hsa-miR-30c-2*",1.90689059560852,2.04264433740849,2.02502879449152,2.40053792958373
"hsa-miR-503",1.92219784839637,2.04264433740849,2.44360665147561,1.94860084749336
"hsa-miR-509-5p",1.91838623444635,2.49569516262407,2.01792190799726,1.89141918684608
"hsa-miR-223",2.01077983875324,2.35049724708413,2.08746284125034,1.92219784839637
"hsa-miR-1539",1.91073266190291,2.04614178164472,2.46988597627446,1.89917563048051
"hsa-miR-423-5p",2.0071955014042,2.20476675065461,2.17312743348066,1.99638874644762
"hsa-miR-1295",2.05311133645956,2.38404980679516,2.01792190799726,1.89141918684608
"hsa-miR-625*",1.98550043030488,2.39231742277876,2.04614178164472,1.91456452349394
"hsa-miR-631",2,2.40871186102943,2.02856915219677,1.89141918684608
"hsa-miR-492",1.97085365434048,2.43028527297778,2.01792190799726,1.90303827011291
"hsa-miR-632",1.91456452349394,2.47767732756531,2.01792190799726,1.89141918684608
"hsa-miR-1287",1.97452931248388,2.43295940727611,2.01792190799726,1.89141918684608
"hsa-miR-1237",1.94485844580754,2.3533232911629,2.06350294230616,1.96716860753263
"hsa-miR-500a*",1.98550043030488,2.20163386116965,2.07382023329167,2.09085343045111
"hsa-miR-491-5p",1.91073266190291,2.03913839390696,2.01792190799726,2.35049724708413
"hsa-miR-10a",1.96716860753263,2.04264433740849,2.38956681176273,1.89917563048051
"hsa-miR-1229",1.9560566524124,2.33342373372519,2.06695024392463,1.95977015521147
"hsa-miR-425*",2.04614178164472,2.16992500144231,2.05658352836637,2.0703893278914
"hsa-miR-648",1.90689059560852,2.0703893278914,2.40599235967584,1.89141918684608
"hsa-miR-607",1.91073266190291,2.07382023329167,2.38128337250378,1.91838623444635
"hsa-miR-888*",1.91456452349394,2.04264433740849,2.01792190799726,2.32768736417605
"hsa-miR-484",1.96716860753263,2.05658352836637,2.28983446517751,1.99638874644762
"hsa-miR-921",2.33913738491959,2.04264433740849,2.01792190799726,1.89141918684608
"hsa-miR-200b*",2.02856915219677,2.10097764772482,2.27202318906105,1.89141918684608
"hsa-miR-744",1.90689059560852,2.03913839390696,2.39231742277876,1.92219784839637
"hsa-let-7b*",1.90689059560852,2.09423606984577,2.30158764660319,1.97452931248388
"hsa-miR-215",1.91456452349394,2.03913839390696,2.05311133645956,2.27500704749987
"hsa-miR-137",2.04614178164472,2.03913839390696,2.29865831556452,1.89141918684608
"hsa-miR-550a",2.02147972741045,2.22650852980868,2.1243281350022,1.90689059560852
"hsa-miR-182",1.90689059560852,2.29278174922785,2.03210084316702,2.03562390973072
"hsa-miR-193a-5p",1.94485844580754,2.15380533607904,2.03210084316702,2.15055967657538
"hsa-miR-877*",2.0071955014042,2.27500704749987,2.0496307677246,1.91838623444635
"hsa-miR-376c",1.90689059560852,2.03913839390696,2.02147972741045,2.27798474729977
"hsa-miR-133a",1.90689059560852,2.33628338786443,2.04614178164472,1.93734439215023
"hsa-miR-1914*",2.02147972741045,2.29572302453997,2.01792190799726,1.89530262133331
"hsa-miR-601",2.0036022366802,2.25096157353322,2.08746284125034,1.89141918684608
"hsa-miR-526b*",1.90689059560852,2.12101540096137,2.28983446517751,1.89530262133331
"hsa-miR-192",2.08406426478847,2.05311133645956,2.16671544496642,1.93734439215023
"hsa-miR-567",1.91073266190291,2.04264433740849,2.01792190799726,2.25701061820602
"hsa-miR-550a*",1.9297909977186,2.27500704749987,2.09761079662642,1.91838623444635
"hsa-miR-192*",1.90689059560852,2.04264433740849,2.34766565630097,1.90303827011291
"hsa-miR-636",1.92219784839637,2.3533232911629,2.01792190799726,1.90303827011291
"hsa-miR-23b*",1.90689059560852,2.04264433740849,2.02147972741045,2.25096157353322
"hsa-miR-1",1.90689059560852,2.37295209791183,2.01792190799726,1.89141918684608
"hsa-miR-874",2.06004738366994,2.16992500144231,2.09085343045111,1.90689059560852
"hsa-miR-629*",1.9297909977186,2.27500704749987,2.06004738366994,1.94860084749336
"hsa-miR-100*",1.90689059560852,2.04264433740849,2.08746284125034,2.17951105027151
"hsa-miR-518e*",1.90689059560852,2.35895882583233,2.01792190799726,1.89141918684608
"hsa-miR-1305",2.0496307677246,2.21101219348551,2.02856915219677,1.92219784839637
"hsa-miR-362-3p",1.93734439215023,2.10433665981474,2.09085343045111,2.08746284125034
"hsa-miR-361-3p",1.9297909977186,2.07382023329167,2.17312743348066,2.03562390973072
"hsa-miR-1288",1.93357263826102,2.33628338786443,2.01792190799726,1.89141918684608
"hsa-miR-34a*",1.91838623444635,2.22958792274065,2.14404636961671,1.90303827011291
"hsa-miR-136*",1.90689059560852,2.35049724708413,2.01792190799726,1.89530262133331
"hsa-miR-18b*",1.95977015521147,2.29278174922785,2.02147972741045,1.91073266190291
"hsa-miR-624*",1.90689059560852,2.0496307677246,2.32192809488736,1.89141918684608
"hsa-miR-1182",1.93734439215023,2.32192809488736,2.01792190799726,1.89141918684608
"hsa-miR-633",1.91456452349394,2.0496307677246,2.30742852519225,1.89530262133331
"hsa-miR-1910",1.90689059560852,2.04264433740849,2.01792190799726,2.21723071622067
"hsa-miR-339-3p",1.90689059560852,2.33913738491959,2.01792190799726,1.89141918684608
"hsa-miR-656",1.91838623444635,2.29278174922785,2.03913839390696,1.91838623444635
"hsa-miR-30c-1*",1.93357263826102,2.31034012061215,2.02147972741045,1.89141918684608
"hsa-miR-1825",2.0496307677246,2.08746284125034,2.08065766334523,1.97452931248388
"hsa-miR-155*",1.91456452349394,2.30451104180995,2.03210084316702,1.90303827011291
"hsa-miR-1181",1.9297909977186,2.18586654531133,2.1407786557828,1.91456452349394
"hsa-miR-141*",1.92599941855622,2.04264433740849,2.29278174922785,1.89141918684608
"hsa-miR-933",2.114367024952,2.0703893278914,2.03562390973072,1.9560566524124
"hsa-miR-200a*",1.97085365434048,2.05311133645956,2.21723071622067,1.91838623444635
"hsa-let-7f-1*",1.93734439215023,2.12101540096137,2.1243281350022,1.98185265328974
"hsa-miR-138-1*",1.91073266190291,2.30158764660319,2.01792190799726,1.90689059560852
"hsa-miR-380",1.91456452349394,2.04614178164472,2.28392177230762,1.89530262133331
"hsa-miR-133b",1.94485844580754,2.26603689399532,2.03210084316702,1.90303827011291
"hsa-miR-187*",1.90689059560852,2.31614574229336,2.01792190799726,1.89141918684608
"hsa-miR-335*",1.92599941855622,2.28688114778816,2.03210084316702,1.89141918684608
"hsa-miR-140-3p",1.9560566524124,2.1407786557828,2.04264433740849,2.02502879449152
"hsa-miR-454*",2.0496307677246,2.09085343045111,2.10097764772482,1.92219784839637
"hsa-miR-338-3p",1.97085365434048,2.03913839390696,2.01792190799726,2.13422093976063
"hsa-miR-382",1.90689059560852,2.03913839390696,2.01792190799726,2.18903382439002
"hsa-miR-181a*",1.90689059560852,2.03913839390696,2.28983446517751,1.89141918684608
"hsa-miR-195",2,2.07724299893246,2.114367024952,1.96716860753263
"hsa-miR-520b",1.91073266190291,2.29865831556452,2.01792190799726,1.89917563048051
"hsa-miR-92b",1.92599941855622,2.26303440583379,2.04264433740849,1.89917563048051
"hsa-miR-877",1.94110631094643,2.27798474729977,2.01792190799726,1.89141918684608
"hsa-miR-204",1.91073266190291,2.04614178164472,2.01792190799726,2.16992500144231
"hsa-miR-498",2.0036022366802,2.19849415363908,2.02147972741045,1.91838623444635
"hsa-miR-299-5p",1.91456452349394,2.28095631383106,2.02856915219677,1.89530262133331
"hsa-miR-378*",1.92219784839637,2.04614178164472,2.02856915219677,2.14730669878029
"hsa-miR-767-3p",1.91073266190291,2.25096157353322,2.03210084316702,1.92599941855622
"hsa-miR-202*",1.90689059560852,2.25096157353322,2.05658352836637,1.90303827011291
"hsa-miR-326",1.90689059560852,2.26603689399532,2.04614178164472,1.89530262133331
"hsa-miR-135a*",1.98913900736823,2.21412480535285,2.03210084316702,1.89141918684608
"hsa-miR-802",1.90689059560852,2.28392177230762,2.01792190799726,1.89917563048051
"hsa-miR-194",1.9297909977186,2.26603689399532,2.02147972741045,1.89530262133331
"hsa-miR-758",1.94485844580754,2.22032995487956,2.02147972741045,1.93734439215023
"hsa-miR-1227",1.94860084749336,2.06350294230616,2.09085343045111,2.03210084316702
"hsa-miR-448",1.90689059560852,2.28688114778816,2.01792190799726,1.89141918684608
"hsa-miR-346",1.90689059560852,2.26002565596146,2.02147972741045,1.92219784839637
"hsa-miR-105",1.91073266190291,2.07724299893246,2.01792190799726,2.1243281350022
"hsa-miR-15b*",1.91073266190291,2.17312743348066,2.02502879449152,2.01792190799726
"hsa-miR-590-3p",1.90689059560852,2.28095631383106,2.01792190799726,1.89141918684608
"hsa-miR-653",1.90689059560852,2.03913839390696,2.02147972741045,2.15055967657538
"hsa-miR-92a-1*",1.90689059560852,2.14404636961671,2.03210084316702,2.03562390973072
"hsa-miR-548n",1.91073266190291,2.26603689399532,2.02502879449152,1.89530262133331
"hsa-miR-505*",1.9297909977186,2.04614178164472,2.02147972741045,2.12101540096137
"hsa-miR-330-3p",1.95233356636969,2.06004738366994,2.05658352836637,2.0496307677246
"hsa-miR-1226*",1.91456452349394,2.26603689399532,2.01792190799726,1.89141918684608
"hsa-miR-29c*",1.91073266190291,2.04264433740849,2.24184018356467,1.89917563048051
"hsa-miR-935",1.90689059560852,2.10433665981474,2.07382023329167,2.02856915219677
"hsa-miR-525-3p",1.90689059560852,2.26603689399532,2.01792190799726,1.89141918684608
"hsa-miR-146b-5p",1.91073266190291,2.25096157353322,2.02856915219677,1.89530262133331
"hsa-miR-1291",1.90689059560852,2.06695024392463,2.22342254993494,1.89141918684608
"hsa-miR-483-3p",1.92219784839637,2.17951105027151,2.02147972741045,1.97452931248388
"hsa-miR-486-5p",1.91073266190291,2.26002565596146,2.01792190799726,1.89141918684608
"hsa-miR-153",1.90689059560852,2.17312743348066,2.05311133645956,1.96347412397489
"hsa-miR-190b",1.91838623444635,2.24792751344359,2.01792190799726,1.89917563048051
"hsa-miR-32*",1.91073266190291,2.22958792274065,2.02856915219677,1.91456452349394
"hsa-miR-219-5p",1.93734439215023,2.21101219348551,2.02856915219677,1.91073266190291
"hsa-miR-302a",1.90689059560852,2.25701061820602,2.01792190799726,1.89530262133331
"hsa-miR-190",1.92599941855622,2.24184018356467,2.02147972741045,1.89141918684608
"hsa-miR-551a",1.90689059560852,2.26002565596146,2.01792190799726,1.89141918684608
"hsa-miR-518c",1.90689059560852,2.03913839390696,2.01792190799726,2.13422093976063
"hsa-miR-517a",1.90689059560852,2.24488705912353,2.03210084316702,1.89141918684608
"hsa-miR-369-3p",1.90689059560852,2.24792751344359,2.02147972741045,1.89917563048051
"hsa-miR-1236",1.95233356636969,2.14404636961671,2.06004738366994,1.93734439215023
"hsa-miR-211",1.91073266190291,2.03913839390696,2.02502879449152,2.11769504266975
"hsa-miR-302c*",1.90689059560852,2.03913839390696,2.23572705983806,1.89141918684608
"hsa-miR-431",1.90689059560852,2.25398926623079,2.01792190799726,1.89141918684608
"hsa-miR-1267",1.91838623444635,2.22650852980868,2.03210084316702,1.89917563048051
"hsa-miR-411",1.9297909977186,2.22032995487956,2.02502879449152,1.89917563048051
"hsa-miR-148b*",1.91838623444635,2.24184018356467,2.01792190799726,1.89141918684608
"hsa-miR-602",2.01792190799726,2.10768786931437,2.03210084316702,1.9297909977186
"hsa-miR-548m",1.9560566524124,2.03913839390696,2.18586654531133,1.89141918684608
"hsa-miR-33b",2.12763327972587,2.04264433740849,2.01792190799726,1.89141918684608
"hsa-miR-609",1.91456452349394,2.23878685958712,2.01792190799726,1.89141918684608
"hsa-miR-219-1-3p",1.90689059560852,2.03913839390696,2.01792190799726,2.114367024952
"hsa-miR-628-5p",1.91838623444635,2.19534759832222,2.02856915219677,1.92599941855622
"hsa-miR-542-3p",1.94860084749336,2.03913839390696,2.0496307677246,2.04614178164472
"hsa-miR-566",1.91456452349394,2.22650852980868,2.02856915219677,1.89141918684608
"hsa-miR-410",1.90689059560852,2.23878685958712,2.01792190799726,1.89530262133331
"hsa-miR-585",1.90689059560852,2.24184018356467,2.01792190799726,1.89141918684608
"hsa-miR-25*",1.92219784839637,2.12763327972587,2.06350294230616,1.96347412397489
"hsa-miR-520c-3p",1.91838623444635,2.23266075679027,2.01792190799726,1.89141918684608
"hsa-miR-519c-3p",1.91456452349394,2.03913839390696,2.19534759832222,1.91456452349394
"hsa-miR-450b-3p",1.90689059560852,2.22650852980868,2.01792190799726,1.90689059560852
"hsa-miR-220a_v15.0",1.90689059560852,2.23878685958712,2.01792190799726,1.89141918684608
"hsa-miR-29a*",1.90689059560852,2.23878685958712,2.01792190799726,1.89141918684608
"hsa-miR-376a*",1.91456452349394,2.21101219348551,2.02856915219677,1.90689059560852
"hsa-miR-193b*",2.0036022366802,2.10097764772482,2.07724299893246,1.89141918684608
"hsa-miR-127-3p",1.90689059560852,2.03913839390696,2.21412480535285,1.89530262133331
"hsa-miR-577",1.96347412397489,2.04264433740849,2.16671544496642,1.89141918684608
"hsa-miR-203",2.01435529297707,2.04264433740849,2.11769504266975,1.89141918684608
"hsa-miR-1914",1.91456452349394,2.20789285164133,2.03210084316702,1.89917563048051
"hsa-miR-662",1.92599941855622,2.21723071622067,2.01792190799726,1.89141918684608
"hsa-miR-144",1.91073266190291,2.21723071622067,2.01792190799726,1.90689059560852
"hsa-miR-132*",1.90689059560852,2.19849415363908,2.01792190799726,1.93357263826102
"hsa-miR-490-5p",1.91073266190291,2.03913839390696,2.01792190799726,2.09761079662642
"hsa-miR-592",1.90689059560852,2.22650852980868,2.01792190799726,1.89530262133331
"hsa-miR-655",1.91073266190291,2.22342254993494,2.01792190799726,1.89530262133331
"hsa-miR-520f",1.91456452349394,2.22342254993494,2.01792190799726,1.89141918684608
"hsa-miR-1324",1.90689059560852,2.03913839390696,2.20789285164133,1.89141918684608
"hsa-miR-517c",1.90689059560852,2.22650852980868,2.01792190799726,1.89141918684608
"hsa-miR-892a",1.90689059560852,2.22342254993494,2.01792190799726,1.89530262133331
"hsa-miR-216b",1.90689059560852,2.22650852980868,2.01792190799726,1.89141918684608
"hsa-miR-545",1.96347412397489,2.03913839390696,2.09761079662642,1.95977015521147
"hsa-miR-330-5p",1.90689059560852,2.21412480535285,2.02502879449152,1.89530262133331
"hsa-miR-576-5p",1.90689059560852,2.21412480535285,2.01792190799726,1.90303827011291
"hsa-miR-617",1.91073266190291,2.22032995487956,2.01792190799726,1.89141918684608
"hsa-miR-34c-5p",1.90689059560852,2.03913839390696,2.20476675065461,1.89141918684608
"hsa-miR-548b-3p",1.90689059560852,2.22342254993494,2.01792190799726,1.89141918684608
"hsa-miR-126*",1.91456452349394,2.13750352374994,2.01792190799726,1.98550043030488
"hsa-miR-519e*",1.90689059560852,2.04264433740849,2.19849415363908,1.89141918684608
"hsa-miR-1286",1.91073266190291,2.20476675065461,2.03210084316702,1.89141918684608
"hsa-miR-376b",1.91456452349394,2.20163386116965,2.03210084316702,1.89141918684608
"hsa-miR-548f",2.03210084316702,2.06695024392463,2.03210084316702,1.92599941855622
"hsa-miR-376a",1.90689059560852,2.21101219348551,2.01792190799726,1.89917563048051
"hsa-miR-1178",1.90689059560852,2.21723071622067,2.01792190799726,1.89141918684608
"hsa-miR-196a",1.90689059560852,2.21723071622067,2.01792190799726,1.89141918684608
"hsa-miR-562",1.90689059560852,2.03913839390696,2.19849415363908,1.89141918684608
"hsa-miR-384",1.91456452349394,2.20789285164133,2.02147972741045,1.89141918684608
"hsa-miR-145",1.90689059560852,2.04264433740849,2.01792190799726,2.08065766334523
"hsa-miR-744*",1.90689059560852,2.04264433740849,2.114367024952,1.98185265328974
"hsa-miR-328",1.92219784839637,2.16992500144231,2.03210084316702,1.91456452349394
"hsa-miR-664*",1.91838623444635,2.20163386116965,2.02147972741045,1.89141918684608
"hsa-miR-573",1.90689059560852,2.21412480535285,2.01792190799726,1.89141918684608
"hsa-miR-135b*",1.90689059560852,2.21412480535285,2.01792190799726,1.89141918684608
"hsa-miR-637",1.93357263826102,2.03913839390696,2.16992500144231,1.89141918684608
"hsa-miR-623",2.01792190799726,2.10768786931437,2.02147972741045,1.89530262133331
"hsa-miR-548c-3p",1.91838623444635,2.18903382439002,2.03210084316702,1.89141918684608
"hsa-miR-139-5p",1.90689059560852,2.15055967657538,2.01792190799726,1.96347412397489
"hsa-miR-26b*",1.93357263826102,2.16671544496642,2.02147972741045,1.91456452349394
"hsa-miR-665",1.90689059560852,2.19534759832222,2.02147972741045,1.90303827011291
"hsa-miR-30b*",1.95977015521147,2.114367024952,2.05658352836637,1.90689059560852
"hsa-miR-1255a",1.90689059560852,2.03913839390696,2.01792190799726,2.07724299893246
"hsa-miR-1259_v15.0",1.91838623444635,2.19534759832222,2.02147972741045,1.89141918684608
"hsa-miR-219-2-3p",1.90689059560852,2.20476675065461,2.02147972741045,1.89141918684608
"hsa-miR-519b-3p",1.90689059560852,2.20476675065461,2.01792190799726,1.89530262133331
"hsa-miR-532-3p",1.91073266190291,2.114367024952,2.0496307677246,1.96347412397489
"hsa-miR-675*",1.90689059560852,2.20163386116965,2.01792190799726,1.89530262133331
"hsa-miR-1252",1.93734439215023,2.16027483140859,2.02502879449152,1.90689059560852
"hsa-miR-1272",2.08065766334523,2.03913839390696,2.02502879449152,1.89141918684608
"hsa-miR-144*",1.91838623444635,2.18586654531133,2.01792190799726,1.90303827011291
"hsa-miR-616",1.90689059560852,2.20476675065461,2.01792190799726,1.89141918684608
"hsa-miR-576-3p",1.91073266190291,2.19219416528334,2.01792190799726,1.90303827011291
"hsa-miR-515-3p",1.91073266190291,2.19849415363908,2.01792190799726,1.89141918684608
"hsa-miR-377",1.92219784839637,2.1407786557828,2.01792190799726,1.94860084749336
"hsa-miR-509-3-5p",1.90689059560852,2.19534759832222,2.02502879449152,1.89141918684608
"hsa-miR-622",2.0496307677246,2.07382023329167,2.01792190799726,1.89141918684608
"hsa-miR-549",1.90689059560852,2.19849415363908,2.01792190799726,1.89141918684608
"hsa-miR-518d-3p",1.90689059560852,2.04264433740849,2.17632277264046,1.89141918684608
"hsa-miR-586",1.91073266190291,2.03913839390696,2.17632277264046,1.89141918684608
"hsa-miR-208b",1.90689059560852,2.19849415363908,2.01792190799726,1.89141918684608
"hsa-miR-518b",1.91073266190291,2.19534759832222,2.01792190799726,1.89141918684608
"hsa-miR-122*",1.90689059560852,2.114367024952,2.08406426478847,1.91838623444635
"hsa-miR-491-3p",1.90689059560852,2.18586654531133,2.01792190799726,1.90689059560852
"hsa-miR-196a*",1.91073266190291,2.19534759832222,2.01792190799726,1.89141918684608
"hsa-miR-548g",1.95977015521147,2.04614178164472,2.02147972741045,2.0036022366802
"hsa-miR-539",1.90689059560852,2.17632277264046,2.02502879449152,1.90689059560852
"hsa-miR-708*",1.90689059560852,2.19534759832222,2.01792190799726,1.89141918684608
"hsa-miR-184",1.91838623444635,2.16992500144231,2.01792190799726,1.91073266190291
"hsa-miR-556-5p",1.90689059560852,2.18903382439002,2.02502879449152,1.89141918684608
"hsa-miR-621",1.90689059560852,2.19219416528334,2.02147972741045,1.89141918684608
"hsa-miR-142-5p",1.90689059560852,2.19534759832222,2.01792190799726,1.89141918684608
"hsa-miR-95",1.91456452349394,2.17951105027151,2.02856915219677,1.89141918684608
"hsa-miR-329",1.90689059560852,2.17632277264046,2.02856915219677,1.90303827011291
"hsa-miR-450a",1.90689059560852,2.18586654531133,2.01792190799726,1.89917563048051
"hsa-miR-1197",1.90689059560852,2.19219416528334,2.01792190799726,1.89141918684608
"hsa-miR-130a*",1.90689059560852,2.03913839390696,2.17312743348066,1.89141918684608
"hsa-miR-500a",1.90689059560852,2.19219416528334,2.01792190799726,1.89141918684608
"hsa-miR-922",1.90689059560852,2.16671544496642,2.01792190799726,1.92219784839637
"hsa-miR-557",1.90689059560852,2.17951105027151,2.02856915219677,1.89530262133331
"hsa-miR-374b*",1.90689059560852,2.19219416528334,2.01792190799726,1.89141918684608
"hsa-miR-920",1.90689059560852,2.19219416528334,2.01792190799726,1.89141918684608
"hsa-miR-335",1.90689059560852,2.19219416528334,2.01792190799726,1.89141918684608
"hsa-miR-501-5p",1.95977015521147,2.09423606984577,2.0496307677246,1.91838623444635
"hsa-miR-515-5p",2.03210084316702,2.06350294230616,2.03562390973072,1.89141918684608
"hsa-miR-516a-5p",1.92219784839637,2.17951105027151,2.01792190799726,1.89141918684608
"hsa-miR-19a*",1.90689059560852,2.03913839390696,2.16992500144231,1.89141918684608
"hsa-let-7a*",1.9297909977186,2.13750352374994,2.03562390973072,1.91073266190291
"hsa-miR-1264",1.90689059560852,2.18903382439002,2.01792190799726,1.89141918684608
"hsa-miR-302b*",1.90689059560852,2.18903382439002,2.01792190799726,1.89141918684608
"hsa-miR-1284",1.90689059560852,2.18903382439002,2.01792190799726,1.89141918684608
"hsa-miR-302d",1.90689059560852,2.18586654531133,2.01792190799726,1.89530262133331
"hsa-miR-944",1.91838623444635,2.15704371014558,2.02147972741045,1.91456452349394
"hsa-miR-132",1.99638874644762,2.03913839390696,2.08406426478847,1.89530262133331
"hsa-miR-1247",1.90689059560852,2.18586654531133,2.01792190799726,1.89141918684608
"hsa-miR-105*",1.90689059560852,2.17951105027151,2.01792190799726,1.89917563048051
"hsa-miR-671-3p",1.90689059560852,2.18269229751619,2.01792190799726,1.89141918684608
"hsa-miR-1282",1.91456452349394,2.17632277264046,2.01792190799726,1.89141918684608
"hsa-miR-1269",1.90689059560852,2.17951105027151,2.02147972741045,1.89141918684608
"hsa-miR-627",1.91073266190291,2.17951105027151,2.01792190799726,1.89141918684608
"hsa-miR-668",1.91073266190291,2.17951105027151,2.01792190799726,1.89141918684608
"hsa-miR-892b",1.91073266190291,2.17951105027151,2.01792190799726,1.89141918684608
"hsa-miR-571",1.91456452349394,2.03913839390696,2.01792190799726,2.03913839390696
"hsa-miR-593*",1.90689059560852,2.03913839390696,2.01792190799726,2.04614178164472
"hsa-miR-507",1.90689059560852,2.17951105027151,2.01792190799726,1.89141918684608
"hsa-miR-214",1.90689059560852,2.03913839390696,2.16027483140859,1.89141918684608
"hsa-miR-371-3p",1.90689059560852,2.17951105027151,2.01792190799726,1.89141918684608
"hsa-miR-147",1.90689059560852,2.16671544496642,2.01792190799726,1.90689059560852
"hsa-miR-22*",1.95977015521147,2.13422093976063,2.01792190799726,1.89141918684608
"hsa-miR-548c-5p",1.93734439215023,2.05311133645956,2.06004738366994,1.95977015521147
"hsa-miR-600",1.90689059560852,2.03913839390696,2.01792190799726,2.04614178164472
"hsa-miR-1826_v15.0",1.91456452349394,2.16027483140859,2.02502879449152,1.89530262133331
"hsa-miR-891b",1.90689059560852,2.15055967657538,2.04614178164472,1.89141918684608
"hsa-miR-644",1.90689059560852,2.16992500144231,2.01792190799726,1.89917563048051
"hsa-miR-1203",1.90689059560852,2.17632277264046,2.01792190799726,1.89141918684608
"hsa-miR-455-5p",1.90689059560852,2.03913839390696,2.04264433740849,2.01435529297707
"hsa-miR-556-3p",1.90689059560852,2.11769504266975,2.06695024392463,1.90303827011291
"hsa-miR-579",1.90689059560852,2.16027483140859,2.02147972741045,1.90303827011291
"hsa-miR-143*",1.90689059560852,2.17312743348066,2.01792190799726,1.89141918684608
"hsa-miR-422a",1.90689059560852,2.13422093976063,2.06004738366994,1.89141918684608
"hsa-miR-186*",1.90689059560852,2.16992500144231,2.02147972741045,1.89141918684608
"hsa-miR-520a-5p",1.90689059560852,2.17312743348066,2.01792190799726,1.89141918684608
"hsa-miR-1538",1.90689059560852,2.17312743348066,2.01792190799726,1.89141918684608
"hsa-miR-1271",1.92599941855622,2.08065766334523,2.08746284125034,1.90303827011291
"hsa-miR-611",1.90689059560852,2.17312743348066,2.01792190799726,1.89141918684608
"hsa-miR-508-3p",1.90689059560852,2.17312743348066,2.01792190799726,1.89141918684608
"hsa-miR-375",1.90689059560852,2.03913839390696,2.01792190799726,2.03562390973072
"hsa-miR-412",1.90689059560852,2.03913839390696,2.15055967657538,1.89141918684608
"hsa-miR-1273",1.90689059560852,2.16992500144231,2.01792190799726,1.89141918684608
"hsa-miR-1471",1.90689059560852,2.16992500144231,2.01792190799726,1.89141918684608
"hsa-miR-200c*",1.90689059560852,2.16992500144231,2.01792190799726,1.89141918684608
"hsa-miR-1251",1.90689059560852,2.16992500144231,2.01792190799726,1.89141918684608
"hsa-miR-1279",1.92599941855622,2.15055967657538,2.02147972741045,1.89141918684608
"hsa-miR-518f",1.91838623444635,2.15055967657538,2.02856915219677,1.89141918684608
"hsa-miR-15a*",1.91073266190291,2.05658352836637,2.02147972741045,2.0071955014042
"hsa-miR-511",1.91456452349394,2.16027483140859,2.01792190799726,1.89141918684608
"hsa-miR-30d*",1.91073266190291,2.03913839390696,2.14404636961671,1.89141918684608
"hsa-miR-654-3p",1.90689059560852,2.13750352374994,2.02856915219677,1.91456452349394
"hsa-miR-555",1.90689059560852,2.16671544496642,2.01792190799726,1.89141918684608
"hsa-miR-526b",1.95233356636969,2.12763327972587,2.01792190799726,1.89141918684608
"hsa-miR-510",1.91073266190291,2.16349873228288,2.01792190799726,1.89141918684608
"hsa-miR-340*",1.92599941855622,2.0703893278914,2.03562390973072,1.95977015521147
"hsa-miR-1224-3p",1.90689059560852,2.03913839390696,2.14404636961671,1.89141918684608
"hsa-miR-520g",1.90689059560852,2.16027483140859,2.01792190799726,1.89530262133331
"hsa-miR-181c",2.02502879449152,2.03913839390696,2.02147972741045,1.90689059560852
"hsa-miR-664",1.90689059560852,2.114367024952,2.04264433740849,1.92219784839637
"hsa-miR-873",1.90689059560852,2.16027483140859,2.01792190799726,1.89530262133331
"hsa-miR-639",1.90689059560852,2.16349873228288,2.01792190799726,1.89141918684608
"hsa-miR-516b",1.90689059560852,2.16027483140859,2.02147972741045,1.89141918684608
"hsa-miR-28-3p",1.90689059560852,2.16349873228288,2.01792190799726,1.89141918684608
"hsa-miR-191",1.92599941855622,2.08065766334523,2.06695024392463,1.91456452349394
"hsa-miR-568",1.91073266190291,2.16027483140859,2.01792190799726,1.89141918684608
"hsa-miR-499-3p",1.90689059560852,2.15704371014558,2.02147972741045,1.89141918684608
"hsa-miR-559",1.90689059560852,2.05658352836637,2.06350294230616,1.95977015521147
"hsa-miR-663b",1.90689059560852,2.03913839390696,2.1407786557828,1.89141918684608
"hsa-miR-497",1.91838623444635,2.15055967657538,2.01792190799726,1.89141918684608
"hsa-miR-1205",1.90689059560852,2.03913839390696,2.01792190799726,2.02502879449152
"hsa-miR-183*",1.93734439215023,2.08065766334523,2.02502879449152,1.94485844580754
"hsa-miR-570",1.93357263826102,2.06004738366994,2.04264433740849,1.95233356636969
"hsa-miR-1277",2.02502879449152,2.05311133645956,2.01792190799726,1.89141918684608
"hsa-miR-890",1.90689059560852,2.03913839390696,2.13422093976063,1.89530262133331
"hsa-miR-1469",1.90689059560852,2.15704371014558,2.01792190799726,1.89141918684608
"hsa-miR-423-3p",1.90689059560852,2.15704371014558,2.01792190799726,1.89141918684608
"hsa-miR-452",1.9297909977186,2.03913839390696,2.11769504266975,1.89141918684608
"hsa-miR-1294",1.90689059560852,2.14404636961671,2.01792190799726,1.90689059560852
"hsa-miR-1297",1.90689059560852,2.15380533607904,2.01792190799726,1.89141918684608
"hsa-miR-208a",1.90689059560852,2.03913839390696,2.13422093976063,1.89141918684608
"hsa-miR-432*",1.90689059560852,2.14730669878029,2.02147972741045,1.89530262133331
"hsa-miR-340",1.90689059560852,2.11769504266975,2.02856915219677,1.92219784839637
"hsa-miR-96*",1.90689059560852,2.15380533607904,2.01792190799726,1.89141918684608
"hsa-miR-147b",1.90689059560852,2.15380533607904,2.01792190799726,1.89141918684608
"hsa-miR-770-5p",1.92219784839637,2.1407786557828,2.01792190799726,1.89141918684608
"hsa-miR-542-5p",1.94485844580754,2.05658352836637,2.04264433740849,1.93734439215023
"hsa-miR-26a-1*",1.91073266190291,2.14730669878029,2.02147972741045,1.89141918684608
"hsa-miR-887",1.98913900736823,2.08065766334523,2.01792190799726,1.89141918684608
"hsa-miR-449a",1.90689059560852,2.15380533607904,2.01792190799726,1.89141918684608
"hsa-miR-1185",1.91073266190291,2.15055967657538,2.01792190799726,1.89141918684608
"hsa-miR-138",1.90689059560852,2.14730669878029,2.01792190799726,1.89530262133331
"hsa-miR-380*",1.90689059560852,2.15055967657538,2.01792190799726,1.89141918684608
"hsa-miR-125b-1*",1.90689059560852,2.03913839390696,2.01792190799726,2.01435529297707
"hsa-miR-595",1.90689059560852,2.15055967657538,2.01792190799726,1.89141918684608
"hsa-miR-597",1.90689059560852,2.15055967657538,2.01792190799726,1.89141918684608
"hsa-miR-1322",1.90689059560852,2.15055967657538,2.01792190799726,1.89141918684608
"hsa-miR-520a-3p",1.90689059560852,2.13750352374994,2.01792190799726,1.90689059560852
"hsa-miR-1283",1.90689059560852,2.03913839390696,2.13093086982645,1.89141918684608
"hsa-miR-578",1.90689059560852,2.03913839390696,2.13093086982645,1.89141918684608
"hsa-miR-502-3p",1.91838623444635,2.0496307677246,2.04264433740849,1.96716860753263
"hsa-miR-142-3p",1.90689059560852,2.15055967657538,2.01792190799726,1.89141918684608
"hsa-miR-1912",1.90689059560852,2.14730669878029,2.01792190799726,1.89141918684608
"hsa-miR-615-5p",1.90689059560852,2.03913839390696,2.12763327972587,1.89141918684608
"hsa-miR-218-1*",1.90689059560852,2.14730669878029,2.01792190799726,1.89141918684608
"hsa-miR-588",1.90689059560852,2.1407786557828,2.02502879449152,1.89141918684608
"hsa-miR-302a*",1.90689059560852,2.14730669878029,2.01792190799726,1.89141918684608
"hsa-miR-563",1.92219784839637,2.04264433740849,2.06350294230616,1.94110631094643
"hsa-miR-518a-3p",1.90689059560852,2.14404636961671,2.01792190799726,1.89141918684608
"hsa-miR-604",1.91073266190291,2.1407786557828,2.01792190799726,1.89141918684608
"hsa-miR-154*",1.90689059560852,2.14404636961671,2.01792190799726,1.89141918684608
"hsa-miR-509-3p",1.90689059560852,2.14404636961671,2.01792190799726,1.89141918684608
"hsa-miR-432",1.91456452349394,2.13422093976063,2.01792190799726,1.89530262133331
"hsa-miR-1537",1.90689059560852,2.03913839390696,2.1243281350022,1.89141918684608
"hsa-miR-548j",1.90689059560852,2.03913839390696,2.10768786931437,1.90689059560852
"hsa-miR-605",1.91073266190291,2.13750352374994,2.01792190799726,1.89141918684608
"hsa-miR-548h",1.90689059560852,2.03913839390696,2.12101540096137,1.89141918684608
"hsa-miR-552",1.90689059560852,2.03913839390696,2.12101540096137,1.89141918684608
"hsa-miR-548a-5p",1.91073266190291,2.04614178164472,2.10097764772482,1.90303827011291
"hsa-miR-544",1.90689059560852,2.1407786557828,2.01792190799726,1.89141918684608
"hsa-miR-367",1.90689059560852,2.1407786557828,2.01792190799726,1.89141918684608
"hsa-miR-34b",1.91073266190291,2.12101540096137,2.02502879449152,1.90303827011291
"hsa-miR-199a-3p",1.90689059560852,2.1407786557828,2.01792190799726,1.89141918684608
"hsa-miR-1184",1.90689059560852,2.1407786557828,2.01792190799726,1.89141918684608
"hsa-miR-33a*",1.90689059560852,2.1407786557828,2.01792190799726,1.89141918684608
"hsa-miR-1321",1.91073266190291,2.13422093976063,2.01792190799726,1.89141918684608
"hsa-miR-1200",1.90689059560852,2.03913839390696,2.11769504266975,1.89141918684608
"hsa-miR-374a*",1.91073266190291,2.13422093976063,2.01792190799726,1.89141918684608
"hsa-miR-383",1.90689059560852,2.13750352374994,2.01792190799726,1.89141918684608
"hsa-miR-1204",1.90689059560852,2.13750352374994,2.01792190799726,1.89141918684608
"hsa-miR-589",1.90689059560852,2.03913839390696,2.02147972741045,1.99276843076892
"hsa-miR-424*",1.90689059560852,2.13422093976063,2.01792190799726,1.89141918684608
"hsa-miR-603",1.90689059560852,2.13093086982645,2.02147972741045,1.89141918684608
"hsa-miR-513c",1.99638874644762,2.04264433740849,2.02147972741045,1.89917563048051
"hsa-miR-941",1.90689059560852,2.13422093976063,2.01792190799726,1.89141918684608
"hsa-miR-206",1.90689059560852,2.13422093976063,2.01792190799726,1.89141918684608
"hsa-miR-553",1.90689059560852,2.13422093976063,2.01792190799726,1.89141918684608
"hsa-miR-651",1.90689059560852,2.13422093976063,2.01792190799726,1.89141918684608
"hsa-miR-379",1.91456452349394,2.1243281350022,2.01792190799726,1.89530262133331
"hsa-miR-548i",1.90689059560852,2.13422093976063,2.01792190799726,1.89141918684608
"hsa-miR-1285",1.90689059560852,2.13422093976063,2.01792190799726,1.89141918684608
"hsa-miR-16-1*",1.90689059560852,2.13093086982645,2.01792190799726,1.89141918684608
"hsa-miR-300",1.90689059560852,2.1243281350022,2.02502879449152,1.89141918684608
"hsa-miR-26a-2*",1.91073266190291,2.12763327972587,2.01792190799726,1.89141918684608
"hsa-miR-331-5p",1.90689059560852,2.03913839390696,2.10768786931437,1.89141918684608
"hsa-miR-1911",1.90689059560852,2.12763327972587,2.01792190799726,1.89141918684608
"hsa-miR-1270",1.90689059560852,2.03913839390696,2.01792190799726,1.98913900736823
"hsa-miR-218-2*",1.90689059560852,2.03913839390696,2.10768786931437,1.89141918684608
"hsa-miR-1913",1.90689059560852,2.12763327972587,2.01792190799726,1.89141918684608
"hsa-miR-323-3p",1.91456452349394,2.03913839390696,2.09423606984577,1.89530262133331
"hsa-miR-518c*",1.90689059560852,2.04264433740849,2.01792190799726,1.98185265328974
"hsa-miR-561",1.90689059560852,2.04264433740849,2.09761079662642,1.89530262133331
"hsa-miR-34b*",1.98913900736823,2.03913839390696,2.02856915219677,1.89141918684608
"hsa-miR-548l",1.90689059560852,2.1243281350022,2.01792190799726,1.89141918684608
"hsa-miR-658",1.90689059560852,2.1243281350022,2.01792190799726,1.89141918684608
"hsa-miR-136",1.9560566524124,2.04614178164472,2.03210084316702,1.91456452349394
"hsa-miR-489",1.91838623444635,2.114367024952,2.01792190799726,1.89141918684608
"hsa-miR-886-5p_v15.0",1.97819562968165,2.03913839390696,2.03913839390696,1.89141918684608
"hsa-miR-888",1.90689059560852,2.04264433740849,2.09761079662642,1.89141918684608
"hsa-miR-501-3p",1.9297909977186,2.05658352836637,2.05311133645956,1.90303827011291
"hsa-miR-1323",1.90689059560852,2.12101540096137,2.01792190799726,1.89141918684608
"hsa-miR-708",1.93357263826102,2.09761079662642,2.01792190799726,1.89141918684608
"hsa-miR-149*",1.90689059560852,2.12101540096137,2.01792190799726,1.89141918684608
"hsa-miR-146a*",1.91073266190291,2.11769504266975,2.01792190799726,1.89141918684608
"hsa-miR-490-3p",1.91838623444635,2.11103131238874,2.01792190799726,1.89141918684608
"hsa-miR-27b*",1.90689059560852,2.12101540096137,2.01792190799726,1.89141918684608
"hsa-miR-1256",1.92599941855622,2.08746284125034,2.01792190799726,1.91073266190291
"hsa-let-7i*",1.90689059560852,2.12101540096137,2.01792190799726,1.89141918684608
"hsa-miR-106a*",1.92599941855622,2.10433665981474,2.01792190799726,1.89141918684608
"hsa-miR-522",1.91073266190291,2.10433665981474,2.01792190799726,1.90303827011291
"hsa-miR-629",1.90689059560852,2.11769504266975,2.01792190799726,1.89141918684608
"hsa-miR-217",1.90689059560852,2.11769504266975,2.01792190799726,1.89141918684608
"hsa-miR-337-3p",1.90689059560852,2.05658352836637,2.03913839390696,1.93734439215023
"hsa-miR-23a*",1.90689059560852,2.11769504266975,2.01792190799726,1.89141918684608
"hsa-miR-548d-3p",1.90689059560852,2.11769504266975,2.01792190799726,1.89141918684608
"hsa-miR-635",1.90689059560852,2.114367024952,2.01792190799726,1.89530262133331
"hsa-miR-942",1.90689059560852,2.11103131238874,2.02147972741045,1.89530262133331
"hsa-miR-606",1.9560566524124,2.03913839390696,2.05311133645956,1.89141918684608
"hsa-miR-891a",1.90689059560852,2.03913839390696,2.09423606984577,1.89141918684608
"hsa-miR-938",1.90689059560852,2.114367024952,2.01792190799726,1.89141918684608
"hsa-miR-564",1.90689059560852,2.03913839390696,2.09423606984577,1.89141918684608
"hsa-miR-934",1.90689059560852,2.114367024952,2.01792190799726,1.89141918684608
"hsa-miR-641",1.90689059560852,2.09761079662642,2.03562390973072,1.89141918684608
"hsa-miR-616*",1.90689059560852,2.114367024952,2.01792190799726,1.89141918684608
"hsa-miR-769-3p",1.90689059560852,2.114367024952,2.01792190799726,1.89141918684608
"hsa-miR-1915*",1.90689059560852,2.114367024952,2.01792190799726,1.89141918684608
"hsa-miR-640",1.90689059560852,2.03913839390696,2.01792190799726,1.97085365434048
"hsa-miR-377*",1.90689059560852,2.11103131238874,2.01792190799726,1.89141918684608
"hsa-miR-506",1.90689059560852,2.11103131238874,2.01792190799726,1.89141918684608
"hsa-miR-1262",1.90689059560852,2.11103131238874,2.01792190799726,1.89141918684608
"hsa-miR-409-3p",1.91456452349394,2.09423606984577,2.01792190799726,1.90303827011291
"hsa-miR-646",1.95977015521147,2.06004738366994,2.01792190799726,1.89530262133331
"hsa-miR-569",1.90689059560852,2.03913839390696,2.08746284125034,1.89141918684608
"hsa-miR-1307",1.90689059560852,2.03913839390696,2.01792190799726,1.96716860753263
"hsa-miR-495",1.90689059560852,2.09761079662642,2.02856915219677,1.89141918684608
"hsa-miR-220b_v15.0",1.90689059560852,2.10768786931437,2.01792190799726,1.89141918684608
"hsa-miR-187",1.90689059560852,2.10768786931437,2.01792190799726,1.89141918684608
"hsa-miR-508-5p",1.90689059560852,2.03913839390696,2.01792190799726,1.96716860753263
"hsa-miR-548p",1.90689059560852,2.10768786931437,2.01792190799726,1.89141918684608
"hsa-miR-198",1.90689059560852,2.10768786931437,2.01792190799726,1.89141918684608
"hsa-miR-1231",1.91073266190291,2.10433665981474,2.01792190799726,1.89141918684608
"hsa-miR-488*",1.91456452349394,2.08746284125034,2.02856915219677,1.89530262133331
"hsa-miR-302b",1.90689059560852,2.10768786931437,2.01792190799726,1.89141918684608
"hsa-miR-367*",1.95977015521147,2.05658352836637,2.01792190799726,1.89530262133331
"hsa-miR-1255b",1.90689059560852,2.10768786931437,2.01792190799726,1.89141918684608
"hsa-miR-409-5p",1.93357263826102,2.05658352836637,2.04264433740849,1.89141918684608
"hsa-miR-106b*",1.90689059560852,2.10433665981474,2.01792190799726,1.89141918684608
"hsa-miR-1179",1.91073266190291,2.10097764772482,2.01792190799726,1.89141918684608
"hsa-miR-583",1.90689059560852,2.10433665981474,2.01792190799726,1.89141918684608
"hsa-miR-541*",1.90689059560852,2.10433665981474,2.01792190799726,1.89141918684608
"hsa-let-7g*",1.91073266190291,2.10097764772482,2.01792190799726,1.89141918684608
"hsa-miR-649",1.90689059560852,2.10433665981474,2.01792190799726,1.89141918684608
"hsa-miR-101*",1.91073266190291,2.10097764772482,2.01792190799726,1.89141918684608
"hsa-miR-518e",1.90689059560852,2.10097764772482,2.01792190799726,1.89141918684608
"hsa-miR-876-3p",1.90689059560852,2.03913839390696,2.07724299893246,1.89530262133331
"hsa-miR-1303",1.90689059560852,2.03913839390696,2.08065766334523,1.89141918684608
"hsa-miR-1226",1.90689059560852,2.10097764772482,2.01792190799726,1.89141918684608
"hsa-miR-212",1.91073266190291,2.04264433740849,2.02856915219677,1.94110631094643
"hsa-miR-143",1.90689059560852,2.10097764772482,2.01792190799726,1.89141918684608
"hsa-miR-889",1.91838623444635,2.03913839390696,2.06695024392463,1.89141918684608
"hsa-miR-520e",1.90689059560852,2.03913839390696,2.01792190799726,1.9560566524124
"hsa-miR-513b",1.91073266190291,2.07724299893246,2.01792190799726,1.91073266190291
"hsa-miR-296-3p",1.90689059560852,2.09761079662642,2.01792190799726,1.89141918684608
"hsa-miR-593",1.90689059560852,2.09761079662642,2.01792190799726,1.89141918684608
"hsa-miR-92b*",1.90689059560852,2.09761079662642,2.01792190799726,1.89141918684608
"hsa-miR-525-5p",1.93357263826102,2.06695024392463,2.02147972741045,1.89530262133331
"hsa-miR-129-5p",1.91073266190291,2.08406426478847,2.02502879449152,1.89530262133331
"hsa-miR-433",1.90689059560852,2.09761079662642,2.01792190799726,1.89141918684608
"hsa-miR-154",1.91073266190291,2.09423606984577,2.01792190799726,1.89141918684608
"hsa-miR-182*",1.91073266190291,2.05311133645956,2.01792190799726,1.93357263826102
"hsa-miR-497*",1.90689059560852,2.09423606984577,2.01792190799726,1.89141918684608
"hsa-miR-223*",1.90689059560852,2.09423606984577,2.01792190799726,1.89141918684608
"hsa-miR-342-5p",1.91073266190291,2.0703893278914,2.01792190799726,1.91456452349394
"hsa-let-7f-2*",1.92219784839637,2.04614178164472,2.03562390973072,1.91073266190291
"hsa-miR-885-3p",1.90689059560852,2.09423606984577,2.01792190799726,1.89141918684608
"hsa-miR-302e",1.90689059560852,2.09423606984577,2.01792190799726,1.89141918684608
"hsa-miR-767-5p",1.90689059560852,2.05311133645956,2.02856915219677,1.92219784839637
"hsa-miR-1908",1.90689059560852,2.0703893278914,2.03913839390696,1.89141918684608
"hsa-miR-485-3p",1.90689059560852,2.09085343045111,2.01792190799726,1.89141918684608
"hsa-miR-127-5p",1.90689059560852,2.09085343045111,2.01792190799726,1.89141918684608
"hsa-miR-1258",1.90689059560852,2.09085343045111,2.01792190799726,1.89141918684608
"hsa-miR-589*",1.90689059560852,2.03913839390696,2.0703893278914,1.89141918684608
"hsa-miR-619",1.90689059560852,2.09085343045111,2.01792190799726,1.89141918684608
"hsa-miR-1909",1.90689059560852,2.09085343045111,2.01792190799726,1.89141918684608
"hsa-miR-1244",1.90689059560852,2.08746284125034,2.01792190799726,1.89530262133331
"hsa-miR-657",1.92599941855622,2.04614178164472,2.01792190799726,1.92219784839637
"hsa-miR-194*",1.91073266190291,2.08406426478847,2.02147972741045,1.89141918684608
"hsa-miR-1292",1.91456452349394,2.08406426478847,2.01792190799726,1.89141918684608
"hsa-miR-185*",1.90689059560852,2.03913839390696,2.01792190799726,1.94485844580754
"hsa-miR-875-5p",1.90689059560852,2.0496307677246,2.0496307677246,1.89917563048051
"hsa-miR-199b-5p",1.90689059560852,2.04614178164472,2.01792190799726,1.93734439215023
"hsa-miR-363",1.90689059560852,2.08746284125034,2.01792190799726,1.89141918684608
"hsa-miR-1296",1.90689059560852,2.08746284125034,2.01792190799726,1.89141918684608
"hsa-miR-485-5p",1.90689059560852,2.08406426478847,2.01792190799726,1.89530262133331
"hsa-miR-876-5p",1.90689059560852,2.05311133645956,2.04614178164472,1.89917563048051
"hsa-miR-587",1.90689059560852,2.08406426478847,2.01792190799726,1.89530262133331
"hsa-miR-7-2*",1.90689059560852,2.0496307677246,2.03562390973072,1.91456452349394
"hsa-miR-1248",1.94485844580754,2.04614178164472,2.02147972741045,1.89530262133331
"hsa-miR-299-3p",1.90689059560852,2.08406426478847,2.01792190799726,1.89530262133331
"hsa-miR-519d",1.91456452349394,2.04264433740849,2.03562390973072,1.91456452349394
"hsa-miR-18a*",1.91456452349394,2.08065766334523,2.01792190799726,1.89141918684608
"hsa-miR-486-3p",1.90689059560852,2.03913839390696,2.01792190799726,1.94485844580754
"hsa-miR-551b*",1.90689059560852,2.08406426478847,2.01792190799726,1.89141918684608
"hsa-miR-135a",1.91838623444635,2.04614178164472,2.01792190799726,1.92219784839637
"hsa-miR-99b*",1.90689059560852,2.08406426478847,2.01792190799726,1.89141918684608
"hsa-miR-487a",1.90689059560852,2.08406426478847,2.01792190799726,1.89141918684608
"hsa-miR-34c-3p",1.91073266190291,2.03913839390696,2.06004738366994,1.89141918684608
"hsa-miR-513a-3p",1.91456452349394,2.07382023329167,2.02147972741045,1.89141918684608
"hsa-miR-624",1.91073266190291,2.05658352836637,2.03913839390696,1.89530262133331
"hsa-miR-1266",1.90689059560852,2.08406426478847,2.01792190799726,1.89141918684608
"hsa-miR-323b-5p",1.90689059560852,2.08406426478847,2.01792190799726,1.89141918684608
"hsa-miR-379*",1.9560566524124,2.03913839390696,2.01792190799726,1.89141918684608
"hsa-miR-620",1.94485844580754,2.04614178164472,2.02147972741045,1.89141918684608
"hsa-miR-20b*",1.90689059560852,2.08406426478847,2.01792190799726,1.89141918684608
"hsa-miR-297",1.90689059560852,2.08406426478847,2.01792190799726,1.89141918684608
"hsa-miR-543",1.90689059560852,2.03913839390696,2.04614178164472,1.90689059560852
"hsa-miR-580",1.90689059560852,2.08065766334523,2.01792190799726,1.89141918684608
"hsa-miR-581",1.91073266190291,2.07724299893246,2.01792190799726,1.89141918684608
"hsa-miR-220c_v15.0",1.91073266190291,2.07724299893246,2.01792190799726,1.89141918684608
"hsa-miR-626",1.91838623444635,2.0703893278914,2.01792190799726,1.89141918684608
"hsa-miR-520h",1.90689059560852,2.07724299893246,2.01792190799726,1.89530262133331
"hsa-miR-103b",1.90689059560852,2.07724299893246,2.01792190799726,1.89530262133331
"hsa-miR-150",1.91073266190291,2.05311133645956,2.01792190799726,1.91838623444635
"hsa-miR-1911*",1.94860084749336,2.03913839390696,2.01792190799726,1.89141918684608
"hsa-miR-450b-5p",1.90689059560852,2.06350294230616,2.01792190799726,1.90689059560852
"hsa-miR-937",1.90689059560852,2.03913839390696,2.05658352836637,1.89141918684608
"hsa-miR-369-5p",1.92599941855622,2.05311133645956,2.02502879449152,1.89141918684608
"hsa-miR-647",1.90689059560852,2.07382023329167,2.01792190799726,1.89530262133331
"hsa-miR-519e",1.90689059560852,2.0703893278914,2.01792190799726,1.89917563048051
"hsa-miR-545*",1.91073266190291,2.05658352836637,2.02147972741045,1.90303827011291
"hsa-miR-659",1.90689059560852,2.03913839390696,2.03210084316702,1.91456452349394
"hsa-miR-642a",1.90689059560852,2.06695024392463,2.02502879449152,1.89141918684608
"hsa-miR-1228*",1.90689059560852,2.07382023329167,2.01792190799726,1.89141918684608
"hsa-miR-487b",1.90689059560852,2.03913839390696,2.01792190799726,1.9297909977186
"hsa-miR-1263",1.90689059560852,2.07382023329167,2.01792190799726,1.89141918684608
"hsa-miR-548k",1.90689059560852,2.05311133645956,2.01792190799726,1.91456452349394
"hsa-miR-518f*",1.90689059560852,2.07382023329167,2.01792190799726,1.89141918684608
"hsa-miR-337-5p",1.90689059560852,2.07382023329167,2.01792190799726,1.89141918684608
"hsa-miR-499-5p",1.90689059560852,2.03913839390696,2.04614178164472,1.89530262133331
"hsa-miR-493",1.90689059560852,2.0703893278914,2.01792190799726,1.89141918684608
"hsa-miR-214*",1.90689059560852,2.06695024392463,2.01792190799726,1.89530262133331
"hsa-miR-615-3p",1.90689059560852,2.0496307677246,2.01792190799726,1.91456452349394
"hsa-miR-521",1.91456452349394,2.0496307677246,2.01792190799726,1.90689059560852
"hsa-miR-582-3p",1.91073266190291,2.03913839390696,2.04264433740849,1.89530262133331
"hsa-miR-1201_v15.0",1.93734439215023,2.04264433740849,2.01792190799726,1.89141918684608
"hsa-miR-130b*",1.92219784839637,2.03913839390696,2.02502879449152,1.90303827011291
"hsa-miR-24-2*",1.90689059560852,2.0703893278914,2.01792190799726,1.89141918684608
"hsa-miR-1289",1.90689059560852,2.0703893278914,2.01792190799726,1.89141918684608
"hsa-miR-1298",1.90689059560852,2.0703893278914,2.01792190799726,1.89141918684608
"hsa-miR-1233",1.91073266190291,2.06695024392463,2.01792190799726,1.89141918684608
"hsa-miR-1206",1.91456452349394,2.03913839390696,2.02502879449152,1.91073266190291
"hsa-miR-558",1.94110631094643,2.03913839390696,2.01792190799726,1.89141918684608
"hsa-miR-373*",1.91073266190291,2.06350294230616,2.01792190799726,1.89141918684608
"hsa-miR-1278",1.90689059560852,2.04264433740849,2.01792190799726,1.91838623444635
"hsa-miR-1254",1.90689059560852,2.06004738366994,2.01792190799726,1.89917563048051
"hsa-miR-92a-2*",1.93357263826102,2.03913839390696,2.01792190799726,1.89530262133331
"hsa-miR-323-5p",1.90689059560852,2.06695024392463,2.01792190799726,1.89141918684608
"hsa-miR-345",1.90689059560852,2.06695024392463,2.01792190799726,1.89141918684608
"hsa-miR-1250",1.9297909977186,2.03913839390696,2.01792190799726,1.89530262133331
"hsa-miR-452*",1.90689059560852,2.06350294230616,2.01792190799726,1.89141918684608
"hsa-miR-520d-3p",1.92599941855622,2.03913839390696,2.01792190799726,1.89917563048051
"hsa-miR-1265",1.93357263826102,2.03913839390696,2.01792190799726,1.89141918684608
"hsa-miR-1245",1.92599941855622,2.04614178164472,2.01792190799726,1.89141918684608
"hsa-miR-496",1.90689059560852,2.03913839390696,2.03562390973072,1.89530262133331
"hsa-miR-924",1.90689059560852,2.03913839390696,2.01792190799726,1.91456452349394
"hsa-miR-122",1.91073266190291,2.05311133645956,2.02147972741045,1.89141918684608
"hsa-miR-1207-3p",1.91456452349394,2.03913839390696,2.03210084316702,1.89141918684608
"hsa-miR-1827",1.9297909977186,2.03913839390696,2.01792190799726,1.89141918684608
"hsa-miR-548e",1.90689059560852,2.03913839390696,2.03913839390696,1.89141918684608
"hsa-miR-523",1.90689059560852,2.04614178164472,2.01792190799726,1.90689059560852
"hsa-miR-381",1.90689059560852,2.05658352836637,2.01792190799726,1.89530262133331
"hsa-miR-661",1.90689059560852,2.06004738366994,2.01792190799726,1.89141918684608
"hsa-miR-181c*",1.91456452349394,2.04614178164472,2.02502879449152,1.89141918684608
"hsa-miR-1306",1.90689059560852,2.03913839390696,2.01792190799726,1.91456452349394
"hsa-miR-591",1.92599941855622,2.03913839390696,2.01792190799726,1.89530262133331
"hsa-miR-431*",1.90689059560852,2.05311133645956,2.01792190799726,1.89917563048051
"hsa-miR-512-5p",1.90689059560852,2.03913839390696,2.03562390973072,1.89141918684608
"hsa-miR-338-5p",1.90689059560852,2.03913839390696,2.01792190799726,1.91073266190291
"hsa-miR-411*",1.90689059560852,2.04264433740849,2.02502879449152,1.89917563048051
"hsa-miR-645",1.91456452349394,2.0496307677246,2.01792190799726,1.89141918684608
"hsa-miR-1909*",1.90689059560852,2.03913839390696,2.03562390973072,1.89141918684608
"hsa-miR-512-3p",1.90689059560852,2.03913839390696,2.01792190799726,1.91073266190291
"hsa-miR-302f",1.90689059560852,2.03913839390696,2.03562390973072,1.89141918684608
"hsa-miR-195*",1.90689059560852,2.03913839390696,2.03562390973072,1.89141918684608
"hsa-miR-488",1.91838623444635,2.03913839390696,2.02147972741045,1.89530262133331
"hsa-miR-222*",1.90689059560852,2.03913839390696,2.03562390973072,1.89141918684608
"hsa-miR-29b-2*",1.90689059560852,2.03913839390696,2.02147972741045,1.90303827011291
"hsa-miR-199a-5p",1.91456452349394,2.03913839390696,2.02502879449152,1.89141918684608
"hsa-miR-517*",1.91456452349394,2.03913839390696,2.02502879449152,1.89141918684608
"hsa-miR-373",1.90689059560852,2.04264433740849,2.02502879449152,1.89530262133331
"hsa-miR-608",1.91456452349394,2.03913839390696,2.02502879449152,1.89141918684608
"hsa-miR-1180",1.90689059560852,2.03913839390696,2.03210084316702,1.89141918684608
"hsa-miR-1257",1.90689059560852,2.0496307677246,2.01792190799726,1.89530262133331
"hsa-miR-675",1.90689059560852,2.05311133645956,2.01792190799726,1.89141918684608
"hsa-miR-10a*",1.91456452349394,2.04264433740849,2.01792190799726,1.89530262133331
"hsa-miR-524-3p",1.90689059560852,2.05311133645956,2.01792190799726,1.89141918684608
"hsa-miR-1304",1.90689059560852,2.04614178164472,2.02502879449152,1.89141918684608
"hsa-miR-504",1.90689059560852,2.04264433740849,2.02856915219677,1.89141918684608
"hsa-miR-612",1.92219784839637,2.03913839390696,2.01792190799726,1.89141918684608
"hsa-miR-363*",1.90689059560852,2.04614178164472,2.01792190799726,1.89530262133331
"hsa-miR-614",1.90689059560852,2.03913839390696,2.01792190799726,1.90303827011291
"hsa-miR-554",1.90689059560852,2.03913839390696,2.02856915219677,1.89141918684608
"hsa-miR-516a-3p",1.90689059560852,2.03913839390696,2.02856915219677,1.89141918684608
"hsa-let-7c*_v16.0",1.90689059560852,2.03913839390696,2.02856915219677,1.89141918684608
"hsa-miR-514",1.90689059560852,2.03913839390696,2.02856915219677,1.89141918684608
"hsa-miR-875-3p",1.90689059560852,2.0496307677246,2.01792190799726,1.89141918684608
"hsa-miR-541",1.91456452349394,2.04264433740849,2.01792190799726,1.89141918684608
"hsa-miR-188-3p",1.90689059560852,2.04264433740849,2.01792190799726,1.89917563048051
"hsa-miR-302d*",1.90689059560852,2.03913839390696,2.01792190799726,1.90303827011291
"hsa-miR-99a*",1.91838623444635,2.03913839390696,2.01792190799726,1.89141918684608
"hsa-miR-1293",1.91838623444635,2.03913839390696,2.01792190799726,1.89141918684608
"hsa-miR-146b-3p",1.91456452349394,2.03913839390696,2.01792190799726,1.89141918684608
"hsa-miR-325",1.90689059560852,2.04614178164472,2.01792190799726,1.89141918684608
"hsa-miR-548o",1.91073266190291,2.04264433740849,2.01792190799726,1.89141918684608
"hsa-miR-138-2*",1.90689059560852,2.04614178164472,2.01792190799726,1.89141918684608
"hsa-miR-643",1.90689059560852,2.03913839390696,2.02502879449152,1.89141918684608
"hsa-miR-216a",1.90689059560852,2.03913839390696,2.02502879449152,1.89141918684608
"hsa-miR-943",1.90689059560852,2.03913839390696,2.02147972741045,1.89141918684608
"hsa-miR-1301",1.90689059560852,2.03913839390696,2.02147972741045,1.89141918684608
"hsa-miR-27a*",1.90689059560852,2.03913839390696,2.01792190799726,1.89530262133331
"hsa-miR-1468",1.90689059560852,2.03913839390696,2.01792190799726,1.89141918684608
